distance,correlations,dataset
0.0,0.7930039879472259,physical units
1.0,0.004613492470467833,physical units
2.0,0.014521528241842807,physical units
3.0,0.001003204721984357,physical units
4.0,0.03046289400703099,physical units
5.0,0.007891795162659265,physical units
6.0,0.016469589359176143,physical units
7.0,0.026236771941780056,physical units
8.0,0.02252641447001038,physical units
9.0,0.01731362376906708,physical units
10.0,0.015323530882632495,physical units
11.0,0.024037483872032868,physical units
12.0,0.03094200929428815,physical units
13.0,0.0015836259367787752,physical units
14.0,-0.012896971311434066,physical units
15.0,0.023188386277868275,physical units
0.0,0.8373991962217131,trace centered
1.0,-0.019461926858725557,trace centered
2.0,-0.010593746532239335,trace centered
3.0,-0.026783468280499084,trace centered
4.0,0.004511849523736376,trace centered
5.0,-0.017327156414249534,trace centered
6.0,-0.01054301459190733,trace centered
7.0,-0.0016980158105288686,trace centered
8.0,-0.008223320776665701,trace centered
9.0,-0.009295866985440623,trace centered
10.0,-0.01249158897256102,trace centered
11.0,-0.00029534414221358423,trace centered
12.0,0.0078072754931352425,trace centered
13.0,-0.024147074820351933,trace centered
14.0,-0.03901338451563687,trace centered
15.0,-5.5548462022715026e-05,trace centered
