,"previous, fold_growth","previous, division_ratio","previous, added_length","previous, generationtime","previous, length_birth","previous, length_final","previous, growth_rate"
fold_growth,-0.003460732883971812,-9.646937295433961e-05,-0.001923905341865948,-0.00419412161623734,0.022675634276400094,0.020751728934534152,0.0042579179583798685
division_ratio,-0.0013800728840950983,0.00012760197975080227,-0.00319839361901865,-0.0004552149098431086,0.006551333559458092,0.0033529399404394447,-0.0016534629171420267
added_length,-0.035424785228858335,0.0001902398871677521,-0.03232057614265124,-0.032718021258246334,0.21593648722657396,0.18361591108392267,0.0157605890135841
generationtime,-0.0028894723112388282,-1.4969700926115004e-05,-0.002974845454982604,-0.0021347313790118735,0.017067585489253873,0.01409274003427127,-9.427461472679473e-06
length_birth,-0.016102917349263803,0.0007340142847453309,-0.02204788896331367,-0.009715801356130146,0.07611501378812534,0.0540671248248117,-0.007030025762762305
length_final,-0.051527702578122135,0.0009242541719130832,-0.054368465105964915,-0.04243382261437647,0.2920515010146993,0.23768303590873435,0.008730563250821794
growth_rate,0.00015432423183015285,-0.00014721577482175983,0.0025187528015094404,-0.003055108758080933,0.0023543911339351173,0.004873143935444558,0.008130490711309151
